sex,age,fare,port,cabin,class,survived
1,1,0,0,0,3,0
0,2,3,1,1,1,1
0,1,1,0,0,3,1
0,2,3,0,1,1,1
1,2,1,0,0,3,0
1,0,1,2,0,3,0
1,3,3,0,1,1,0
1,0,2,0,0,3,0
0,1,1,0,0,3,1
0,0,2,1,0,2,1
0,0,2,0,1,3,1
0,3,2,0,1,1,1
1,1,1,0,0,3,0
1,2,3,0,0,3,0
0,0,0,0,0,3,0
0,3,2,0,0,2,1
1,0,2,2,0,3,0
1,2,1,0,0,2,1
0,1,2,0,0,3,0
0,2,0,1,0,3,1
1,2,2,0,0,2,0
1,2,1,0,1,2,1
0,0,1,2,0,3,1
1,1,3,0,1,1,1
0,0,2,0,0,3,0
0,2,3,0,0,3,1
1,1,0,1,0,3,0
1,1,3,0,1,1,0
0,0,0,2,0,3,1
1,2,0,0,0,3,0
1,2,2,1,0,1,0
0,1,3,1,1,1,1
0,2,0,2,0,3,1
1,66,1,0,0,2,0
1,1,3,1,0,1,0
1,2,3,0,0,1,0
1,2,0,1,0,3,1
1,1,1,0,0,3,0
0,1,2,0,0,3,0
0,0,1,1,0,3,1
0,2,1,0,0,3,0
0,1,2,0,0,2,0
1,1,0,1,0,3,0
0,0,3,1,0,2,1
0,1,0,2,0,3,1
1,1,1,0,0,3,0
1,1,2,2,0,3,0
0,2,0,2,0,3,1
1,1,2,1,0,3,0
0,1,2,0,0,3,0
1,0,3,0,0,3,0
1,1,0,0,0,3,0
0,3,3,1,1,1,1
0,1,2,0,0,2,1
1,65,3,1,1,1,0
1,2,3,0,1,1,1
0,1,1,0,0,2,1
1,1,0,1,0,3,0
0,0,2,0,0,2,1
1,0,3,0,0,3,0
1,1,0,1,0,3,0
0,2,3,0,1,1,1
1,2,3,0,1,1,0
1,0,2,0,0,3,0
1,1,2,1,0,1,0
1,2,2,1,0,3,1
0,1,1,0,1,2,1
1,1,1,0,0,3,0
0,1,1,0,0,3,1
1,1,1,0,0,3,0
1,1,1,0,0,2,0
0,0,3,0,0,3,0
1,1,3,0,0,2,0
1,1,2,1,0,3,0
1,1,3,0,0,3,1
1,1,0,0,1,3,0
1,2,0,0,0,3,0
1,2,1,0,0,3,0
1,0,2,0,0,2,1
0,1,1,0,0,3,1
1,1,1,0,0,3,0
1,1,1,0,0,3,1
0,1,0,2,0,3,1
1,1,3,0,0,1,0
0,1,1,0,0,2,1
0,2,2,0,0,3,1
1,0,3,0,0,3,0
1,2,1,0,0,3,0
0,1,3,0,1,1,1
1,1,1,0,0,3,0
1,1,1,0,0,3,0
1,1,0,0,0,3,0
1,2,3,0,1,1,0
1,1,2,0,0,3,0
1,3,0,0,0,3,0
1,1,1,0,0,3,0
1,71,3,1,1,1,0
1,1,3,1,1,1,1
0,2,2,0,0,2,1
1,2,2,0,0,2,0
0,1,0,0,0,3,0
1,1,0,0,0,3,0
1,1,3,0,1,1,0
1,2,1,0,0,3,0
1,2,1,0,0,3,0
1,1,0,0,0,3,0
0,1,0,0,0,3,1
1,2,0,0,0,3,1
1,2,0,0,0,3,0
0,1,2,2,0,3,1
1,2,3,0,1,1,0
0,0,2,1,0,3,0
1,1,1,0,0,3,0
0,1,1,0,0,3,0
0,1,2,1,0,3,0
1,1,1,0,0,3,0
1,70,0,2,0,3,0
1,1,2,0,0,2,0
1,1,3,1,1,1,0
0,0,3,0,0,3,0
1,1,3,0,0,2,0
1,1,1,0,0,3,0
1,1,2,1,0,2,0
0,1,1,0,1,2,1
1,3,3,0,1,1,0
1,0,1,1,0,3,1
1,1,0,2,0,3,0
1,1,0,0,0,3,1
0,0,2,1,1,3,1
1,2,0,0,0,3,0
1,2,0,1,0,3,0
1,1,0,0,0,3,0
0,2,2,0,0,3,0
0,1,2,0,0,2,1
1,1,1,0,0,2,0
1,1,2,1,0,2,0
0,1,2,0,1,1,1
1,2,3,0,1,1,0
1,0,1,0,0,3,0
1,1,3,1,1,1,0
0,2,2,1,0,3,0
0,1,0,0,0,3,1
0,1,2,0,0,3,1
1,1,0,2,0,3,0
1,1,1,0,0,2,0
1,1,3,0,0,2,0
1,1,0,0,0,3,1
0,0,3,0,0,3,0
1,2,2,0,1,2,0
1,2,1,0,0,2,0
1,3,1,0,0,2,0
0,1,3,0,1,1,1
1,3,1,0,0,3,0
1,2,2,0,0,3,0
1,0,0,0,0,3,0
1,3,3,1,0,1,0
0,0,0,2,0,3,1
1,1,1,0,0,3,0
1,2,1,0,0,3,0
1,1,3,0,0,3,0
1,2,2,0,0,3,0
0,2,2,0,0,2,1
1,1,0,0,0,3,0
1,1,1,0,0,3,0
1,0,3,0,0,3,0
1,0,2,0,0,3,1
0,0,3,0,1,1,1
0,2,2,0,0,3,0
1,2,2,0,0,1,0
1,1,3,0,0,3,0
1,3,3,0,1,1,0
1,0,2,2,0,3,0
0,0,1,0,0,3,1
1,1,1,0,0,3,0
1,3,2,1,1,1,0
1,1,0,0,0,3,0
1,1,2,0,0,3,0
0,3,2,1,1,1,0
1,1,1,0,0,2,0
1,2,0,0,0,3,0
0,1,3,0,0,3,0
1,2,2,1,0,2,0
1,0,3,0,0,3,0
1,0,3,0,1,2,1
0,0,2,0,0,3,1
1,1,3,0,1,1,0
0,1,2,2,0,3,1
1,2,2,0,0,1,1
1,2,2,2,0,3,0
1,2,0,0,0,3,0
0,1,1,0,0,2,1
1,1,1,0,0,2,0
0,1,0,0,0,3,1
1,0,2,0,1,2,1
0,2,2,1,1,1,1
0,3,3,1,1,1,1
1,1,0,2,0,3,0
1,2,1,0,0,3,0
0,1,0,2,0,3,1
0,1,1,0,0,2,0
1,1,1,0,0,3,0
1,1,3,0,0,3,0
1,2,0,0,0,3,0
1,2,0,1,0,3,0
1,1,1,0,0,3,1
0,0,1,0,1,3,0
1,1,2,0,0,3,0
1,1,2,1,0,3,1
0,0,0,2,0,3,1
1,2,2,1,1,1,1
1,1,0,0,0,3,0
0,2,2,0,0,2,1
1,1,0,0,0,3,0
1,1,1,0,0,2,0
1,2,0,2,0,3,0
0,1,3,1,1,1,1
0,1,1,0,0,3,1
1,2,2,0,0,2,0
0,1,3,1,1,1,1
1,1,1,0,0,2,0
1,0,1,0,0,3,1
1,1,1,0,0,2,0
1,3,1,0,0,3,0
1,2,0,0,0,3,0
1,2,3,0,1,1,1
1,1,1,0,0,3,0
1,1,1,0,0,2,1
1,1,0,0,0,3,0
1,1,1,0,0,2,0
0,1,2,0,0,3,0
0,2,3,0,1,1,1
1,1,0,0,0,3,0
1,3,1,0,0,2,0
0,0,3,0,0,3,1
1,1,1,0,0,2,0
0,2,0,0,0,3,0
1,2,2,0,0,2,0
0,0,2,0,0,2,1
1,1,1,0,0,2,0
1,2,1,0,0,2,0
0,1,2,1,0,3,0
0,2,2,2,0,3,1
1,1,1,0,0,2,0
1,1,0,0,0,3,0
1,1,0,1,0,3,0
1,2,3,2,1,1,0
0,1,0,0,0,3,0
0,1,2,0,0,2,1
1,2,3,0,1,1,1
1,3,2,0,0,2,0
1,2,0,0,0,3,0
0,1,1,0,1,3,0
1,3,2,0,1,1,0
1,1,2,0,0,3,0
0,2,2,0,0,3,0
0,1,2,1,0,3,1
0,2,3,1,0,1,1
0,1,3,0,1,1,1
0,2,3,1,0,1,1
0,3,2,0,0,2,1
1,1,0,2,0,3,0
1,0,3,0,0,3,1
1,3,3,0,1,1,0
1,2,0,0,1,1,0
0,1,0,2,0,3,0
1,2,1,0,0,2,0
1,0,3,0,0,3,0
1,1,0,0,0,3,1
0,3,3,0,1,1,1
0,2,3,0,1,1,1
1,1,2,0,0,1,0
1,1,0,0,0,3,1
0,2,2,0,0,2,1
1,2,2,1,1,1,0
0,1,0,2,0,3,1
0,3,3,0,1,1,1
0,2,0,0,0,3,0
1,1,0,0,0,2,0
1,0,2,2,0,3,0
0,2,2,0,0,3,1
1,65,0,2,0,3,0
1,1,0,0,0,3,0
1,0,1,0,0,3,0
1,1,1,0,0,3,1
1,1,2,0,1,1,0
1,2,1,1,0,3,0
1,1,1,0,0,3,1
1,1,0,0,0,3,0
1,2,1,0,0,2,1
0,1,0,2,0,3,1
0,1,3,0,0,1,1
0,1,3,1,1,1,1
1,2,1,1,1,2,0
0,1,1,0,0,3,0
1,1,0,0,0,3,0
1,1,2,1,0,1,0
1,1,0,1,0,3,0
0,0,3,0,1,1,0
1,1,2,0,1,1,1
0,3,3,1,1,1,1
0,1,0,2,0,3,1
1,2,2,2,0,3,1
1,1,0,0,0,3,0
0,2,1,2,1,2,1
1,1,1,0,0,3,0
1,0,3,0,1,1,1
0,1,3,1,0,1,1
0,1,3,1,1,1,1
1,1,2,1,0,2,0
0,1,3,1,1,1,1
0,1,3,1,1,1,1
0,1,3,1,1,1,1
0,1,2,0,0,2,0
1,1,0,0,0,3,0
1,2,2,0,0,2,0
0,1,0,0,0,3,1
0,1,2,0,0,2,1
1,3,1,0,0,2,0
0,1,3,0,1,1,1
0,2,3,1,1,1,1
1,1,0,0,0,3,0
1,1,0,0,0,3,0
0,1,1,2,0,2,1
0,1,2,0,0,2,1
1,1,3,0,0,3,0
0,2,3,1,1,1,1
1,3,0,0,0,3,0
0,2,1,0,1,2,1
0,1,2,0,0,3,1
0,0,3,1,1,1,1
0,2,2,2,0,3,1
1,2,2,0,1,1,0
1,2,3,0,1,1,0
1,0,2,0,0,3,0
0,1,3,0,0,1,1
1,2,0,0,0,3,0
1,1,3,0,1,1,0
0,2,3,1,1,1,1
1,2,1,0,0,3,1
1,2,3,0,1,1,0
1,0,2,0,1,2,1
0,1,3,0,1,1,1
1,1,1,0,0,2,0
1,1,1,0,0,2,0
1,2,1,0,0,2,0
0,1,1,0,1,2,1
0,2,1,0,0,2,1
0,1,2,0,0,3,1
1,0,2,0,0,3,1
1,2,1,0,0,3,0
1,1,1,0,0,3,0
1,1,3,0,1,1,0
1,0,0,1,0,3,0
1,1,2,0,0,3,0
1,0,0,1,0,3,0
1,1,1,0,0,3,0
0,1,3,0,1,1,1
0,2,1,0,0,2,0
0,2,0,2,0,3,1
0,0,0,2,0,3,1
1,2,2,0,0,3,0
1,1,2,1,0,2,0
0,2,2,1,0,3,0
1,2,0,0,0,3,0
1,1,2,2,0,3,0
1,1,0,0,0,3,0
0,3,3,1,1,1,1
0,1,0,1,0,3,1
0,2,0,2,0,3,1
0,1,3,1,1,1,1
1,1,3,1,1,1,1
1,1,0,0,0,3,0
1,1,1,0,0,3,0
1,1,3,1,0,1,0
0,0,2,0,0,3,0
0,2,3,1,0,1,1
0,1,0,0,0,3,1
1,1,3,1,1,1,0
1,1,0,1,0,3,0
1,1,0,0,0,3,0
0,2,3,1,0,1,1
0,0,2,1,0,3,1
1,1,1,0,0,3,0
0,2,3,0,0,1,1
1,1,0,0,0,3,0
1,1,3,0,0,2,0
1,0,3,0,0,3,0
0,2,1,0,0,2,1
1,1,0,2,0,3,0
0,1,1,1,0,2,1
1,2,3,0,1,1,1
1,1,0,0,0,3,1
1,1,1,0,0,3,0
0,1,3,1,1,1,1
0,1,2,0,1,3,1
1,1,0,0,0,3,0
0,1,0,0,0,3,0
1,2,2,0,0,2,0
1,1,1,0,0,2,0
0,1,1,0,0,2,1
1,2,1,0,0,3,1
1,1,1,0,0,3,0
0,1,1,0,0,3,0
1,1,2,0,0,3,0
0,1,1,0,0,3,0
1,2,2,0,0,2,0
1,3,0,0,0,3,0
1,0,2,0,0,2,1
1,1,0,0,0,3,0
0,1,2,0,0,3,0
1,1,0,0,0,3,0
1,1,0,2,0,3,0
0,2,3,2,1,1,1
1,1,0,0,0,2,0
1,2,1,0,0,3,1
0,2,1,0,0,3,0
0,2,3,0,0,2,1
0,1,1,0,0,2,1
1,1,1,0,0,2,0
0,0,2,0,0,3,0
1,2,0,1,0,3,0
1,1,0,2,0,3,0
1,1,0,0,0,3,0
0,1,1,0,0,3,0
1,1,2,0,0,3,0
1,1,0,0,0,3,0
0,1,2,0,0,2,1
0,1,2,0,0,2,1
1,2,0,2,0,3,0
1,1,1,0,1,3,1
1,1,2,0,1,1,1
0,1,2,0,0,3,1
0,2,2,0,0,2,1
1,1,0,0,0,3,0
1,3,3,0,1,1,0
0,0,3,0,1,1,1
0,1,3,0,0,3,0
0,1,2,0,0,2,1
1,3,3,0,1,1,0
1,1,1,0,0,2,0
0,2,2,0,0,2,1
1,1,1,0,0,3,0
1,1,0,0,0,3,0
0,1,1,0,0,2,1
1,1,1,0,0,3,1
1,0,3,0,1,1,1
0,0,2,0,0,2,1
1,2,2,0,0,1,1
0,0,2,1,0,3,1
1,3,2,0,1,1,1
1,2,2,0,0,2,0
1,2,2,0,0,3,0
1,1,2,1,1,1,0
1,3,3,1,1,1,1
1,1,1,0,0,3,0
1,1,0,1,0,3,1
1,65,2,0,1,1,0
0,1,3,0,1,1,1
0,3,1,0,0,2,1
1,1,0,2,0,3,0
1,2,2,0,1,1,1
1,2,1,0,0,3,0
1,2,3,0,1,1,0
1,2,1,0,0,2,0
1,1,1,0,0,3,0
1,2,0,0,0,3,0
1,2,0,0,0,2,0
1,3,2,0,0,1,0
1,1,0,2,0,3,0
0,0,2,1,0,3,1
1,1,0,0,0,3,0
1,2,1,0,0,3,0
0,2,2,0,0,2,1
0,1,1,1,1,2,1
0,1,1,0,0,3,0
1,2,3,0,1,1,0
1,2,2,0,0,2,0
1,1,0,0,0,3,0
1,1,0,0,0,3,0
0,0,1,0,0,3,1
1,0,3,0,0,3,0
1,1,0,0,0,2,0
1,3,1,0,0,3,0
0,3,1,0,0,3,1
1,1,3,1,1,1,1
0,2,2,0,0,3,0
0,2,3,0,1,1,1
1,3,2,1,1,1,0
1,1,1,0,0,3,0
1,0,2,0,0,3,1
1,1,2,0,0,3,0
1,1,0,0,0,3,0
1,3,2,0,1,1,0
1,71,3,1,0,1,0
1,1,1,0,0,3,0
1,1,2,1,0,3,0
0,3,3,1,1,1,1
1,2,2,0,0,3,0
0,1,3,0,1,1,0
1,1,0,0,0,3,0
1,1,1,0,0,3,0
0,1,0,2,0,3,0
0,1,0,2,0,3,0
0,2,1,0,0,3,0
0,0,3,0,1,1,1
1,1,3,1,1,1,0
0,2,2,0,0,2,1
1,1,2,0,0,1,1
1,1,2,0,0,3,0
1,1,3,0,0,3,1
1,1,0,2,0,3,1
1,0,1,0,0,3,0
1,2,2,0,1,1,1
0,3,3,1,0,1,1
1,1,0,0,0,3,0
1,2,3,0,1,1,0
0,2,1,0,1,2,1
1,2,2,2,0,3,0
0,2,2,0,0,2,1
1,1,0,0,0,3,0
0,1,3,0,1,1,1
1,1,0,0,0,3,0
1,1,0,1,0,3,0
0,2,3,1,1,1,1
1,2,0,1,0,3,0
1,2,0,2,0,3,0
0,3,1,0,0,2,1
1,1,3,0,1,1,0
1,2,1,0,0,3,0
1,1,1,0,0,2,0
0,0,2,0,0,2,1
1,1,0,1,0,3,0
1,1,0,1,0,3,0
0,1,2,1,0,3,1
0,1,1,0,0,3,0
0,0,2,0,0,2,1
1,2,2,0,1,1,0
0,1,3,1,0,1,1
1,1,2,0,0,3,0
0,1,3,1,1,1,1
0,2,3,0,1,1,1
0,0,3,0,0,3,0
0,0,3,0,0,3,0
1,1,2,0,0,2,1
1,3,3,1,1,1,0
1,3,2,0,0,1,0
0,1,2,0,0,2,1
1,2,1,1,0,2,1
1,2,2,0,0,3,0
1,0,3,0,0,2,1
1,1,3,1,1,1,1
1,1,2,0,0,2,0
1,2,0,2,0,3,0
1,1,0,1,0,3,1
0,1,0,0,0,3,1
1,3,2,0,0,1,0
0,2,3,1,1,1,1
1,2,3,1,0,1,0
0,2,3,0,1,1,1
0,2,2,0,0,3,1
1,2,0,2,0,3,0
1,2,0,0,0,3,0
1,1,1,0,0,2,0
1,1,1,0,0,3,0
0,1,1,0,0,3,0
1,1,2,0,0,3,0
1,1,0,0,0,3,0
0,1,2,0,0,3,0
1,1,0,1,0,3,0
1,1,0,0,0,3,1
1,3,1,0,0,2,1
0,3,3,0,1,1,1
1,2,2,0,1,1,1
0,1,0,2,0,3,1
1,0,1,0,0,3,0
1,1,2,0,0,3,0
0,2,1,0,0,2,1
0,2,3,0,1,1,1
0,1,2,1,0,3,0
1,1,1,0,0,3,1
0,1,2,0,0,2,1
0,2,3,1,1,1,1
1,3,2,0,0,2,0
1,2,3,1,1,1,0
1,2,1,1,0,3,0
0,1,3,0,1,1,1
1,2,2,0,0,2,0
1,3,3,1,1,1,1
1,1,1,0,0,3,0
1,1,1,0,0,3,0
1,2,0,0,0,3,0
0,3,3,1,1,1,1
1,2,0,0,0,3,0
0,1,0,2,0,3,0
1,2,2,0,0,2,0
1,2,2,0,0,3,0
0,1,3,0,0,2,1
1,3,0,0,0,3,0
1,2,0,1,0,3,0
1,3,3,1,1,1,1
0,1,2,0,0,2,1
1,2,0,0,0,3,0
1,2,3,0,0,1,0
1,2,1,0,0,3,0
1,2,2,1,0,1,1
1,2,2,0,0,3,0
1,1,0,0,0,3,0
1,1,2,0,0,1,1
0,1,3,1,0,2,1
0,2,3,0,1,1,1
0,2,3,0,0,3,0
1,1,0,0,0,3,0
0,2,2,2,0,3,1
1,1,0,2,0,3,0
1,2,1,0,0,3,0
0,1,3,0,0,2,1
1,2,1,0,0,3,0
0,1,2,0,0,3,0
0,0,3,0,1,2,1
1,1,1,0,0,2,0
1,1,2,1,0,3,0
1,2,3,0,1,1,1
1,1,2,1,0,3,1
1,1,0,0,0,3,0
1,1,2,0,0,3,0
1,3,3,0,1,1,0
1,3,1,2,0,2,0
0,1,3,0,1,1,1
1,1,0,0,0,3,0
1,1,0,2,0,3,0
1,80,2,0,1,1,1
1,3,0,0,0,3,0
1,1,2,1,1,1,1
1,1,0,0,0,1,0
0,0,2,0,0,3,0
0,1,1,0,0,2,1
1,1,1,0,0,3,0
1,1,2,0,0,2,0
0,2,3,0,0,3,0
1,1,2,0,0,3,0
1,1,0,0,0,3,0
0,1,3,1,1,1,1
0,0,2,0,0,3,0
1,2,3,0,0,3,1
0,0,2,1,0,3,1
1,2,3,1,1,1,1
1,1,0,0,0,3,0
1,3,3,1,1,1,1
1,1,0,0,0,3,0
0,1,0,0,0,3,1
1,1,0,0,0,3,0
0,1,2,0,0,2,1
1,1,1,0,0,3,0
0,1,0,2,0,3,1
0,1,0,2,0,3,0
1,1,3,0,0,2,0
1,1,0,0,0,3,0
0,1,2,2,0,3,0
1,1,1,0,0,2,0
1,3,3,1,1,1,0
1,3,3,0,0,1,1
1,2,0,1,0,3,0
1,2,2,0,1,1,0
1,2,0,0,0,3,0
1,1,1,0,0,3,1
1,1,3,0,0,2,0
1,1,1,0,0,2,0
1,1,0,0,0,3,0
1,2,1,0,0,3,0
0,1,3,0,1,1,1
0,2,3,0,0,2,1
1,1,3,0,1,1,0
1,70,1,0,0,2,0
1,1,1,0,0,2,1
1,2,0,0,0,2,0
1,1,0,0,0,3,0
1,1,1,0,0,3,0
0,1,1,0,0,3,1
0,2,3,0,0,3,0
1,2,3,1,1,1,1
0,2,1,2,0,3,0
1,1,3,1,1,1,1
1,1,1,0,0,3,0
1,0,3,0,0,3,0
1,3,3,0,0,2,0
1,1,3,1,0,2,0
1,0,3,0,0,3,0
1,1,1,0,0,3,0
1,1,0,0,0,3,0
0,0,3,0,1,1,1
1,1,3,0,1,1,1
0,0,1,1,0,3,1
1,1,3,0,0,3,1
1,1,0,1,0,3,0
1,3,2,0,0,1,0
1,3,1,0,0,2,0
1,2,1,0,0,3,0
0,2,0,2,0,3,1
1,3,3,1,1,1,0
1,2,0,0,1,3,0
0,1,3,1,1,1,1
1,2,2,0,1,1,1
0,1,2,1,0,3,0
1,1,0,2,0,3,0
1,1,0,0,0,3,0
1,2,2,0,0,2,0
0,2,1,0,0,2,1
1,2,2,0,1,1,1
0,1,3,0,0,1,1
1,2,2,1,0,3,1
0,1,3,1,1,1,1
1,1,2,0,1,1,0
1,2,3,0,1,1,1
1,1,1,0,0,3,0
1,3,1,0,0,2,0
1,1,0,0,1,3,0
0,2,3,1,1,1,1
0,1,1,0,1,2,1
1,2,2,2,0,3,0
1,2,0,0,0,3,0
0,0,3,0,0,2,1
1,1,0,0,0,3,0
1,2,1,0,0,2,0
1,3,1,0,0,2,0
1,1,3,0,1,1,1
1,1,1,0,0,3,0
0,1,2,0,0,2,1
0,1,0,2,0,3,1
1,1,2,0,0,2,0
0,1,1,0,0,3,0
0,1,3,0,1,1,1
1,0,2,1,0,3,0
1,0,0,0,0,2,0
1,1,1,0,0,2,0
1,1,1,0,0,2,0
1,1,2,0,0,3,0
0,2,3,0,0,3,0
1,2,3,1,1,1,1
1,1,0,0,0,3,0
1,1,0,0,0,3,0
1,1,2,0,1,1,1
1,2,3,0,1,1,0
0,1,3,1,1,1,1
1,1,2,0,0,3,0
1,1,1,0,0,3,1
1,70,3,0,1,1,0
1,0,2,0,0,3,0
0,1,1,0,0,2,1
1,1,3,0,1,1,0
1,1,0,2,0,3,0
0,0,2,0,0,2,1
1,0,1,0,1,3,1
1,2,1,0,0,3,0
1,1,0,0,0,3,0
0,2,3,0,0,2,1
1,0,2,0,0,2,1
1,1,0,0,0,3,0
1,1,1,0,0,2,0
1,2,1,0,0,3,0
0,2,3,0,1,1,1
1,2,2,0,0,3,0
1,2,0,0,0,3,0
1,1,0,1,0,3,1
0,2,3,0,1,1,1
1,0,0,0,0,3,0
0,3,3,0,1,1,1
1,1,3,1,0,1,0
0,1,0,2,0,3,0
1,1,2,2,0,3,0
1,1,1,0,0,3,0
1,1,1,0,0,3,0
1,2,0,0,0,3,0
0,3,1,0,1,2,0
1,1,0,1,0,3,0
0,3,2,0,0,2,1
1,1,0,0,0,3,0
1,1,0,2,1,3,0
0,0,1,0,0,3,1
1,1,0,2,0,3,0
0,2,3,0,1,1,1
0,0,0,1,0,3,1
0,1,3,0,1,1,1
1,1,2,0,1,1,0
1,1,2,0,0,3,0
1,1,0,0,0,3,0
1,1,0,0,0,3,0
0,1,0,0,0,3,1
1,0,2,2,0,3,0
1,0,2,0,0,3,1
1,2,3,1,1,1,0
1,2,0,2,0,3,0
1,0,2,0,0,2,0
0,1,3,0,0,3,0
1,1,2,1,0,1,0
1,1,0,0,0,3,0
1,2,1,0,0,2,0
0,3,2,0,1,1,1
0,1,1,0,0,3,1
1,1,0,1,0,3,0
0,1,2,0,0,3,0
1,2,1,0,0,2,0
0,1,2,0,0,2,1
1,0,3,0,1,1,1
1,0,1,1,0,3,1
1,1,0,0,0,3,1
1,1,0,0,0,3,0
1,2,0,0,1,1,0
0,1,0,0,0,3,0
1,2,1,0,0,2,0
0,2,3,0,1,1,1
1,1,0,0,0,3,0
1,2,2,0,0,3,0
1,2,1,0,0,2,0
0,0,3,0,0,3,0
1,1,1,0,0,3,0
1,0,0,0,1,1,0
0,1,1,0,0,3,0
1,1,3,1,0,2,0
1,2,0,0,0,3,0
1,0,2,0,0,3,0
0,3,3,0,1,1,1
1,1,1,0,0,3,1
1,2,0,0,0,1,0
0,1,1,0,1,3,1
1,0,3,0,0,3,0
1,2,0,2,0,3,0
1,1,3,0,0,3,0
1,0,3,1,0,2,1
1,2,0,2,0,3,1
0,3,3,0,1,1,1
0,0,2,1,0,3,1
1,0,2,0,0,2,1
1,2,0,1,0,3,0
1,1,0,0,0,3,0
1,1,1,0,0,3,0
0,2,3,1,1,1,1
1,1,1,0,0,3,0
1,1,1,0,0,3,0
1,1,3,0,0,3,1
1,2,2,1,1,1,1
1,1,1,0,0,3,0
1,0,1,0,0,2,0
0,1,2,1,0,1,1
1,2,0,1,0,3,0
1,1,1,0,0,3,0
1,2,0,0,0,3,0
1,0,3,0,0,3,0
1,2,0,1,0,3,0
1,1,3,0,0,2,0
0,1,3,1,1,1,1
1,0,3,0,0,3,0
1,74,0,0,0,3,0
0,0,2,1,0,3,0
0,0,3,0,1,1,1
0,2,2,0,0,2,0
0,1,1,0,0,3,1
0,2,3,0,0,1,1
1,3,2,0,1,1,1
0,1,2,1,0,3,1
1,2,0,1,0,3,0
1,2,1,0,0,3,0
1,1,1,0,0,2,0
0,2,2,0,1,1,1
0,2,3,0,0,3,0
1,1,1,0,0,2,0
0,2,1,0,0,2,1
0,1,1,1,0,2,1
1,1,3,0,1,1,0
1,2,1,0,0,3,0
1,0,1,0,0,3,1
1,1,0,0,0,3,0
0,2,3,0,1,1,1
1,2,0,0,1,1,0
1,2,1,0,0,3,0
0,1,2,1,0,2,1
0,0,0,1,0,3,1
1,1,1,0,0,3,0
1,1,0,0,0,3,0
1,2,0,0,0,3,0
0,3,3,1,1,1,1
0,1,2,0,0,2,1
1,2,0,0,0,3,0
0,1,1,0,0,3,0
1,1,1,0,0,2,0
1,1,0,0,0,3,0
0,2,2,2,0,3,0
1,1,1,0,0,2,0
0,1,2,0,1,1,1
0,2,2,0,0,3,0
1,1,2,1,1,1,1
1,1,0,2,0,3,0
1,2,0,2,0,3,0
0,2,0,0,0,3,1
1,3,1,2,0,2,0
1,1,1,0,0,3,0
0,1,1,0,0,3,1
1,0,1,0,0,3,0
0,1,0,2,0,3,1
1,1,2,0,0,2,0
0,1,0,1,0,3,1
1,1,2,0,0,3,0
1,1,0,0,0,3,0
1,2,2,0,0,1,0
0,1,3,0,1,1,1
1,3,2,0,0,2,0
0,2,3,0,1,1,1
0,1,2,1,0,2,1
1,2,1,2,0,2,0
1,1,0,1,0,3,0
0,1,1,0,0,3,1
0,2,0,1,0,3,1
1,3,3,1,0,1,0
1,0,0,0,0,3,0
0,1,3,0,0,1,1
1,1,3,1,0,1,0
0,2,3,1,1,1,1
1,3,2,0,0,3,0
0,1,3,1,1,1,1
1,1,0,1,0,3,0
1,2,2,0,1,1,0
1,2,2,1,0,3,0
1,3,2,0,0,2,0
1,1,3,0,0,2,0
0,2,2,0,0,3,1
0,1,2,0,0,3,1
1,1,3,1,1,1,0
1,1,0,1,0,3,0
0,2,1,0,0,3,1
0,1,1,0,0,3,1
1,1,1,0,0,3,0
1,2,3,0,0,3,0
1,2,1,1,0,3,0
1,2,2,0,1,1,0
1,2,0,0,0,3,0
0,1,1,0,0,2,1
0,2,3,0,1,1,1
1,1,1,0,0,3,0
1,2,2,1,1,1,0
1,2,0,2,0,3,0
0,3,3,1,1,1,1
0,2,2,0,0,3,1
1,1,3,0,1,1,0
1,1,2,1,0,2,0
0,1,2,0,0,2,1
0,1,3,0,1,1,1
1,2,2,1,0,2,0
1,0,2,2,0,3,0
1,2,0,0,0,3,0
1,1,0,0,1,3,0
1,2,2,0,0,3,0
0,2,3,1,1,1,1
1,1,0,0,0,3,0
1,1,1,0,0,2,0
1,1,0,0,0,3,0
0,1,0,2,0,3,1
1,0,3,1,1,1,0
0,1,2,0,0,2,1
0,1,0,2,0,3,1
1,2,3,0,0,1,0
1,1,2,1,1,1,0
0,3,3,0,1,1,1
0,1,0,2,0,3,1
1,1,0,0,0,3,0
0,1,1,0,0,3,1
1,1,2,1,1,1,0
0,2,3,1,1,1,1
1,1,3,1,1,1,0
1,1,1,0,0,3,0
0,3,2,0,1,1,1
1,1,1,0,0,2,0
0,1,0,2,0,3,1
1,0,2,1,0,3,0
1,67,3,0,1,1,0
1,3,2,0,0,1,0
1,1,0,0,0,3,0
1,1,1,2,0,2,0
1,1,2,1,0,3,0
0,1,0,2,0,3,1
0,1,1,0,0,3,1
0,1,0,2,0,3,1
1,0,2,0,0,2,0
0,1,1,0,0,3,1
1,1,0,0,0,3,0
0,1,3,0,1,1,1
1,2,1,0,0,3,0
1,1,2,1,0,1,0
1,1,0,0,0,3,0
0,76,3,0,1,1,1
1,1,1,0,0,3,0
0,1,0,0,0,3,1
1,2,1,0,0,3,0
0,2,3,1,1,1,1
1,1,2,0,0,2,0
1,1,0,2,0,3,0
1,1,0,0,0,3,0
0,0,1,1,0,3,1
1,1,2,0,0,3,0
1,1,0,2,0,3,0
1,0,0,2,0,3,0
1,1,1,0,0,3,0
1,1,1,0,1,2,0
1,2,2,1,0,2,0
0,1,0,2,0,3,1
0,2,3,1,1,1,1
0,1,0,2,0,3,1
0,3,3,0,1,1,1
1,1,2,1,0,3,0
1,1,0,1,0,3,0
0,0,2,0,1,3,1
1,2,3,1,1,1,0
0,1,2,0,0,2,1
0,0,2,0,0,2,1
1,2,0,2,0,3,0
0,2,3,1,1,1,1
1,1,0,0,0,3,0
1,2,0,2,0,3,0
0,1,2,0,0,3,1
1,1,0,0,0,3,0
0,1,2,2,0,3,1
1,2,1,0,0,2,0
1,1,1,0,0,3,0
1,1,1,0,0,3,0
1,3,2,1,1,1,0
0,1,2,0,0,3,1
1,0,0,1,0,3,0
1,2,0,0,0,3,0
1,1,0,0,0,3,0
1,1,0,1,0,3,0
1,1,1,0,0,2,0
0,1,1,0,0,3,1
1,2,3,0,0,3,0
0,0,3,0,0,3,1
0,2,3,0,0,1,1
1,3,3,1,1,1,0
1,1,2,0,0,2,0
1,2,2,0,0,1,0
1,1,2,0,0,3,0
1,1,3,0,1,1,0
1,1,1,0,0,3,0
1,1,2,0,0,1,0
1,1,2,0,0,2,0
0,1,3,1,1,1,1
1,2,0,1,0,3,0
1,3,2,0,0,3,0
0,2,1,0,0,3,1
1,0,3,0,0,3,0
1,1,0,0,0,3,0
0,1,3,0,1,1,1
0,1,0,0,0,3,1
1,2,2,0,1,1,0
0,1,1,0,0,3,1
0,1,0,2,0,3,1
1,0,2,1,0,3,0
0,1,1,0,0,2,1
1,2,0,0,0,3,0
1,2,1,0,0,2,0
0,1,2,0,0,3,1
1,2,3,1,1,1,0
1,1,3,0,0,3,0
0,2,2,1,0,1,1
0,1,1,0,0,3,1
1,2,0,0,0,3,0
1,1,0,1,0,3,0
1,1,1,0,0,3,0
1,1,0,1,0,3,0
1,2,3,0,0,3,0
0,0,3,0,0,2,1
0,1,3,0,0,2,1
1,3,3,1,1,1,0
0,2,3,0,1,2,1
0,3,3,1,1,1,1
1,1,1,0,0,2,0
1,2,3,1,1,1,0
0,1,3,0,1,1,1
1,1,0,2,0,3,0
0,1,3,1,1,1,1
1,2,2,0,0,2,0
0,1,2,0,0,2,1
1,1,1,0,0,3,0
0,0,3,0,0,3,1
1,2,1,0,0,2,0
1,2,2,0,0,2,0
1,1,2,0,0,1,0
1,0,2,0,0,3,0
1,3,1,2,0,2,0
1,0,3,0,0,2,0
1,2,0,0,0,3,0
1,0,3,1,1,1,0
0,1,0,0,0,3,1
1,1,1,0,0,2,0
0,1,1,0,0,3,1
0,2,2,2,0,3,1
1,0,1,0,0,3,0
1,2,3,1,1,1,0
0,0,2,0,0,2,1
1,1,1,0,0,2,0
1,1,2,1,0,1,0
0,2,0,2,0,3,1
1,1,1,0,0,2,0
0,2,2,1,1,1,1
1,1,0,0,0,3,0
1,1,2,0,0,3,0
1,1,0,0,0,3,0
1,1,3,0,0,2,0
0,3,2,0,0,2,1
0,2,0,0,0,3,1
1,2,3,0,1,1,0
0,2,0,2,0,3,1
1,3,3,0,0,1,0
0,3,3,1,1,1,1
1,1,1,0,0,3,0
0,1,1,1,0,2,1
1,1,1,0,0,3,0
0,1,1,0,1,2,1
1,1,0,0,0,3,0
0,3,2,1,0,1,1
0,2,2,1,0,3,1
1,1,0,0,0,3,0
0,2,0,2,0,3,1
1,2,2,0,0,3,0
1,2,1,0,0,2,0
1,0,3,0,0,2,0
0,1,2,0,0,1,1
1,1,0,0,0,3,0
1,2,0,2,0,3,0
1,2,3,1,1,1,0
1,1,0,0,0,3,0
1,3,3,1,1,1,0
1,1,0,1,0,3,0
0,1,1,0,0,2,1
0,2,3,1,1,1,1
0,3,2,1,0,1,1
0,2,2,0,0,2,1
1,2,3,1,1,1,0
1,2,0,0,0,3,0
1,2,2,0,0,3,0
1,2,3,0,1,1,0
0,1,2,0,0,2,1
1,2,3,0,0,2,0
0,1,2,0,0,2,1
0,1,2,1,0,3,1
0,0,2,0,0,2,1
1,1,1,0,0,3,0
1,1,3,1,1,1,0
1,1,1,0,0,3,0
1,1,1,0,0,3,0
1,2,0,0,0,3,0
1,1,0,2,0,3,0
1,1,1,0,0,3,0
0,1,1,0,0,2,1
1,1,0,0,0,3,0
1,2,2,0,0,3,0
1,1,0,0,0,3,0
0,1,2,0,0,2,1
0,0,1,0,0,3,1
1,1,1,1,0,2,0
1,1,0,0,0,3,0
1,1,0,0,0,1,0
1,1,0,0,0,3,0
0,1,1,0,0,3,1
1,1,1,0,0,3,0
1,2,3,1,1,1,0
1,2,0,2,0,3,0
0,1,3,1,1,1,1
0,2,2,2,0,3,1
1,2,0,1,0,3,0
0,1,2,0,0,2,1
1,1,1,0,0,2,0
1,2,2,0,0,2,0
1,1,2,0,0,2,0
1,1,1,0,0,2,0
0,1,1,0,0,3,1
1,0,1,0,0,3,0
0,2,0,2,0,3,1
0,0,2,1,0,3,1
0,0,2,0,0,3,1
1,2,0,0,0,3,0
1,2,0,0,0,3,0
1,1,3,0,1,1,0
1,1,0,1,1,3,0
1,2,1,0,0,3,0
1,2,3,0,0,1,0
0,1,0,2,0,3,1
1,1,0,1,0,3,0
1,3,3,0,1,1,0
1,2,1,0,0,3,0
1,1,0,0,0,3,0
0,0,3,1,0,2,1
1,2,2,1,0,3,0
1,1,3,0,0,1,0
1,1,0,0,0,3,0
1,1,0,0,0,3,0
1,1,2,1,1,2,0
1,2,2,0,0,2,0
1,1,1,0,0,3,0
0,1,0,2,0,3,1
0,3,2,0,1,1,1
1,1,3,0,1,1,0
1,0,1,0,0,3,0
1,3,3,0,1,1,0
0,2,1,0,0,3,1
1,1,1,0,0,3,0
1,1,0,1,0,3,0
1,1,0,0,0,3,0
0,2,0,2,0,3,1
0,3,3,1,1,1,1
0,1,0,2,0,3,1
1,3,3,1,1,1,0
1,1,1,0,0,2,0
1,1,0,0,0,3,0
1,1,3,0,0,2,0
1,1,0,0,0,3,0
1,1,0,1,1,3,0
1,1,1,0,1,2,0
1,2,2,0,0,1,0
0,2,3,0,0,1,1
1,1,0,0,0,3,0
0,0,3,0,1,2,1
1,2,3,1,0,1,0
1,1,2,0,0,2,0
1,1,1,0,0,2,0
0,2,3,0,0,2,1
1,2,2,1,1,1,0
1,1,0,1,0,3,0
0,1,2,1,0,3,1
1,1,0,0,0,3,0
1,1,2,0,1,1,0
1,1,1,0,0,2,0
1,2,0,1,0,3,0
1,1,3,0,0,2,0
1,2,0,1,0,3,0
1,1,1,0,0,2,0
1,1,0,0,0,3,0
1,1,3,0,0,3,0
0,3,3,1,1,1,1
1,2,2,0,0,3,0
0,0,0,0,0,3,1
1,1,1,0,0,2,0
0,2,0,1,0,3,1
1,1,1,0,0,2,0
0,1,2,0,0,2,1
0,2,3,1,1,1,1
1,1,1,0,0,2,0
1,1,3,0,0,2,0
1,3,3,0,0,2,0
0,0,2,0,0,3,1
1,3,2,0,1,1,0
0,3,3,0,1,1,1
1,2,0,0,0,3,0
1,2,0,2,0,3,0
0,1,2,0,0,3,1
1,0,3,0,0,3,0
0,1,3,1,0,2,1
0,1,2,0,0,2,1
1,1,1,0,0,3,0
0,1,3,1,1,1,1
0,1,3,0,0,3,1
1,1,2,1,0,3,0
0,1,3,0,0,3,1
0,2,3,1,0,1,1
1,1,1,1,0,2,0
1,1,1,0,0,2,0
0,1,3,1,1,1,1
1,3,0,0,1,1,0
1,2,1,0,0,2,0
0,3,3,0,1,1,1
0,2,3,1,0,1,1
0,1,1,0,0,3,1
1,1,1,0,0,2,0
1,3,3,0,1,1,0
1,0,3,0,0,3,0
1,2,0,2,0,3,0
1,1,0,2,0,3,0
0,1,2,0,0,3,1
0,1,2,0,0,3,1
1,1,1,0,0,2,0
0,1,3,0,0,2,1
1,1,0,0,0,3,0
1,3,1,0,0,2,0
1,1,0,2,0,3,0
1,0,2,0,0,3,0
1,1,3,0,1,1,0
0,3,3,0,1,1,1
1,0,2,0,0,3,0
1,2,1,0,0,2,0
1,1,2,0,0,3,0
0,1,3,0,1,1,1
1,1,0,2,0,3,0
0,2,3,1,1,1,1
1,1,0,0,0,3,0
1,1,0,2,0,3,0
0,1,3,0,1,1,1
1,2,2,0,0,2,0
0,1,3,1,0,1,1
1,1,3,0,0,1,0
1,2,2,1,1,1,0
1,1,1,1,1,2,0
1,1,1,0,0,2,0
1,3,3,1,1,1,0
0,1,0,2,0,3,1
0,0,1,0,0,3,1
0,2,0,2,0,3,1
0,2,3,2,1,1,1
0,1,0,0,0,3,1
1,2,1,0,0,3,0
0,2,3,1,1,1,1
1,2,0,0,0,3,0
1,1,1,0,0,3,0
1,2,2,1,0,3,0